"job_id","job_name","step_id","step_name","folder_name","project_name","package_name","execution_count","avg_package_duration_sec","max_package_duration_sec","total_package_duration_sec","succeeded_count","failed_or_unexpected_count","anti_sort","anti_aggregate","anti_fuzzy_lookup","anti_fast_load_inactive","anti_no_tablock","anti_lookup_partial_no_cache","anti_select_star","anti_oledb_command","CartesianCrossJoin","NonSargableFunctionPredicate","OnTheFlyFunctionExpression","NestedViewReference","PivotWindowFunction","UnionAll","NoLockAdvisory","MergeJoinComponent","ImplicitConversionIndicator","ScriptComponent","ADO_NET_or_ODBC_Provider","ExplicitBufferOrThreadSetting","TempStoragePathSetting","DestinationCommitSizeSetting","ExecutePackageTask","CheckpointSetting","FullReloadIndicator","priority_level","priority_basis"
"0ED3057B-8FB9-4E3D-A6C1-FFA53D51EF36","SEQUENCE_TABLE_SIGAP","1","Staging","Sequence_Table","Sequence_Table","Seq_Staging_SIGAP.dtsx","1","6336.35","6336.35","6336.35","1","0","0","0","0","0","0","0","3","0","0","0","0","0","0","0","0","0","1","0",,"0","0","4","0","0","0","P1","High runtime or reliability impact"
"6D7C9921-843B-4919-B8A6-D42A047543FA","LAPORAN KEUANGAN KEBUN (LKK)","4","Fact","Project_Fact","DWH_LKK_PROJECT_NEW","FACT_LKK.dtsx","1","4219.98","4219.98","4219.98","1","0","6","0","0","0","0","0","2","0","28","44","0","0","18","2877","32","3","22","0",,"0","0","12","0","0","0","P1","High runtime or reliability impact"
"1DC093A3-2313-446F-89F5-F2436FD0E813","INVESTOR RELATION","5","Production Summary dan Areal Statement","Project_Fact","INVESTOR_RELATIONS_PROJECT","PS_AS.dtsx","1","4042.26","4042.26","4042.26","0","1","14","1","0","0","0","0","2","0","11","8","10","0","3","829","0","7","0","0",,"0","0","5","0","0","0","P1","High runtime or reliability impact"
"62088AC8-D634-4732-B90F-19CFBDE2CD4E","AI Grading","2","Fact","Project_Fact","DWH_GRADING_TBS","Fact.dtsx","3","3801.91","4200.6","11405.72","3","0","0","0","0","0","0","0","0","0","0","0","0","0","0","0","0","0","0","0",,"0","0","1","0","0","0","P1","High runtime or reliability impact"
"0874DB0C-DB80-4053-8D10-B4E94CD80860","Tax - Annually","3","Annually Split","Project_Fact","PPH21_DJP","FACT_PPH_ANNUAL_SPLIT.dtsx","2","2269.19","2307.38","4538.39","2","0","0","0","0","0","0","0","2","0","0","0","0","0","24","0","0","0","0","0",,"0","0","2","0","0","0","P1","High runtime or reliability impact"
"4E5F148B-7B82-46C4-AE3A-1EB4CE8F408E","Internal Audit","1","Internal Audit","Project_Fact","INTERNAL_AUDIT","FACT_INTERNAL_AUDIT.dtsx","2","2210.12","2224.72","4420.25","2","0","0","0","0","0","0","0","11","0","16","30","0","0","32","6","0","0","0","0",,"0","0","14","0","0","0","P1","High runtime or reliability impact"
"6D7C9921-843B-4919-B8A6-D42A047543FA","LAPORAN KEUANGAN KEBUN (LKK)","10","Fact Plasma Gapoktan","Project_Fact","DWH_PLASMA_GAPOKTAN","Fact.dtsx","2","2072.04","2125.98","4144.07","2","0","0","0","0","0","0","0","0","0","0","48","0","0","0","1425","19","0","0","0",,"0","0","3","0","0","0","P1","High runtime or reliability impact"
"5ECE39E8-D47A-4559-A8E7-5766D4B949E0","SPARTA FACT 4T","4","Fact Sparta LHA","Project_Fact","SPARTA_PROJECT","FACT_SPARTA_LHA_NEW.dtsx","7","2037.59","2505.33","14263.11","7","0","4","0","0","0","0","0","45","0","2","16","2","0","21","975","0","2","139","0",,"0","0","6","0","0","0","P1","High runtime or reliability impact"
"3B70A71E-2D5D-4F36-8BD6-58659AC0CCC6","Ranking Payroll","3","Ranking Payroll","Project_Fact","RANKING_PAYROLL","FACT_RANKING_PAYROLL.dtsx","2","1973.69","2357.32","3947.39","2","0","0","0","0","2","0","0","15","0","10","22","0","0","212","1129","19","0","15","0",,"0","0","5","0","0","0","P1","High runtime or reliability impact"
"DE99768D-2EE9-43B7-999B-94D63699444F","SPARTA FACT","4","Fact Sparta Jurnal Payroll","Project_Fact","JOURNAL_SPARTA","FACT_JOURNAL_PAYROLL.dtsx","3","1593.37","1791.82","4780.1","3","0","0","0","0","0","0","0","0","0","0","0","0","0","0","423","0","0","0","0",,"0","0","1","0","0","0","P2","Material optimization/investigation candidate"
"7E176732-5CEB-4162-AAE4-F5A2966DFCBB","Segregation","2","Segregation","Project_Fact","Segregation","Segregation.dtsx","2","1463.58","1494.75","2927.16","2","0","0","0","0","0","0","0","1","0","0","14","0","0","1","369","0","0","0","0",,"0","0","2","0","0","0","P2","Material optimization/investigation candidate"
"F1DDA30D-6D72-4146-A71F-F5D1FBC1BCEB","Komparasi Overhead Metro","1","DWH_STG to DWH_DM","Komparasi Overhead Metro","Komparasi Overhead Metro","DWH_STG_to_DWH_DM.dtsx","1","1312.81","1312.81","1312.81","1","0","0","0","0","0","0","0","11","0","4","4","0","0","3","6","0","0","16","0",,"0","0","9","0","0","0","P2","Material optimization/investigation candidate"
"6D7C9921-843B-4919-B8A6-D42A047543FA","LAPORAN KEUANGAN KEBUN (LKK)","12","Fact LKK Dashboard","Project_Fact","LKK Dashboard","FACT_LKK_DASHBOARD.dtsx","2","1279.29","1328.64","2558.58","2","0","0","0","0","0","0","0","5","0","0","27","2","2","13","105","14","0","0","0",,"0","0","5","0","0","0","P2","Material optimization/investigation candidate"
"6DF699D9-EE52-4283-8C24-B72C5A2D84BF","SEQUENCE_TABLE_SPARTA","1","SEQ_STAGING_SPARTA","Sequence_Table","Sequence_Table","Seq_Staging_SPARTA.dtsx","3","1029.45","1197.28","3088.35","3","0","0","0","0","0","0","0","12","0","0","0","0","0","0","0","15","0","1","0",,"0","0","84","0","0","0","P2","Material optimization/investigation candidate"
"09FAE57B-5538-41B1-91A9-65019FD26DE1","SEQUENCE_TABLE_SAP","1","SEQ_STAGING","Sequence_Table","Sequence_Table","Seq_Staging_SAP.dtsx","3","1004.07","1464.57","3012.21","3","0","0","0","0","0","0","0","0","0","0","9","16","0","0","0","0","0","52","0",,"0","0","106","0","0","8","P2","Material optimization/investigation candidate"
"2B774A9F-6DDA-413A-B1EC-74DD480BFA04","REALISASI BUDGET HO","4","Fact","Project_Fact","REALISASI VS ANGGARAN HO PROJECT","FACT_REALISASI_VS_ANGGARAN_HO.dtsx","1","995.31","995.31","995.31","1","0","4","0","0","0","0","0","0","0","12","1","12","0","3","1318","4","3","0","0",,"0","0","3","0","0","0","P2","Material optimization/investigation candidate"
"018BE64A-756D-4AEE-AF14-0793E9B1691C","ESTIMATION_COST_ELEMENT","2","Cost Element Weekly","Project_Fact","COST_ELEMENT_PROJECT","FACT_COST_ELEMENT.dtsx","2","972.4","1132.08","1944.8","2","0","12","1","0","0","0","0","1","0","26","16","0","0","5","194","0","9","0","0",,"0","0","3","0","0","0","P2","Material optimization/investigation candidate"
"B37FB395-F8FE-410F-BD05-0159C3640595","Daily Opr - Produksi TBS","5","Fact Monitoring TBS","Project_Fact","DAILY_DASHBOARD_PROJECT","FACT_DD_TBS.dtsx","6","958.8","1070.05","5752.78","6","0","2","0","0","0","0","0","35","0","5","7","5","0","2","202","0","1","76","0",,"0","0","5","0","0","0","P2","Material optimization/investigation candidate"
"DE99768D-2EE9-43B7-999B-94D63699444F","SPARTA FACT","3","Fact Sparta Payroll","Project_Fact","SPARTA_PROJECT","FACT_SPARTA_PAYROLL.dtsx","3","953.59","1087.3","2860.78","3","0","2","0","0","0","0","0","27","0","0","0","0","0","0","0","0","1","77","0",,"0","0","3","0","0","0","P2","Material optimization/investigation candidate"
"5ECE39E8-D47A-4559-A8E7-5766D4B949E0","SPARTA FACT 4T","7","Fact Sparta Fisik Premi","Project_Fact","SPARTA_PROJECT","FACT_SPARTA_FISIK_PREMI.dtsx","7","916.44","1571.06","6415.1","7","0","0","0","0","0","0","0","0","0","0","3","2","0","0","0","0","0","0","0",,"0","0","1","0","0","0","P2","Material optimization/investigation candidate"
"4405D861-AE6C-4CD7-8E9B-33591EE6C9F8","SEQUENCE_TABLE_SPARTA_4T","1","SEQ_STAGING_SPARTA_4T","Sequence_Table","Sequence_Table","Seq_Staging_SPARTA_4T.dtsx","6","884.58","1109.82","5307.47","6","0","0","0","0","0","1","0","15","0","0","0","0","0","0","0","32","0","0","0",,"0","0","51","0","0","0","P2","Material optimization/investigation candidate"
"1082EBDB-3318-4470-A146-8BA64C1E313F","TBS External","2","Fact TBS External","Project_Fact","DAILY_DASHBOARD_PROJECT","FACT_DD_TBS.dtsx","4","818.62","1037.85","3274.5","4","0","2","0","0","0","0","0","35","0","5","7","5","0","2","202","0","1","76","0",,"0","0","5","0","0","0","P2","Material optimization/investigation candidate"
"B86C2C36-C257-4B1E-A542-3F8CFE33E27A","Alokasi Absensi HK","3","Alokasi & Absensi","Project_Fact","ALOKASI_DAN_ABSENSI_HK","FACT_ALOKASI_DAN_ABSENSI_HK.dtsx","2","753.87","997.26","1507.75","2","0","0","0","0","0","0","0","3","0","0","6","0","0","0","282","0","0","1","0",,"0","0","3","0","0","0","P2","Material optimization/investigation candidate"
"840F2F31-8C8B-41A6-804B-11FEC3E6C541","MILL_COST_and_MILL_ENGINEERING","3","Fact Mill Cost","Project_Fact","MILL_COST_PROJECT","FACT_MILL_COST.dtsx","1","750.96","750.96","750.96","1","0","6","0","0","0","0","0","5","0","40","0","16","0","45","2659","172","3","0","0",,"0","0","4","0","0","0","P2","Material optimization/investigation candidate"
"CF3B9835-57CD-4017-AE1A-1F892CBE5B15","LAPORAN PANEN DAN PENGENDALIAN GULMA","1","Fact","Project_Fact","DWH_LKK_PROJECT_NEW","FACT_LKK_BIAYA_UPAH_PANEN_PENGENDALIAN_GULMA.dtsx","2","732.4","881.2","1464.79","2","0","0","0","0","0","0","0","0","0","0","0","0","3","0","2","0","0","0","0",,"0","0","1","0","0","0","P2","Material optimization/investigation candidate"
"6D7C9921-843B-4919-B8A6-D42A047543FA","LAPORAN KEUANGAN KEBUN (LKK)","3","Mapping","Project_Fact","DWH_LKK_PROJECT_NEW","INSERT_MAPPING_BIAYA_TANAMAN.dtsx","1","669.23","669.23","669.23","1","0","0","1","0","0","0","0","0","0","3","7","3","0","0","674","3","0","5","0",,"0","0","8","0","0","0","P2","Material optimization/investigation candidate"
"3E69F060-FAEE-453B-AA27-1C4CBC5DE307","MONITORING_CAPEX","3","Monitoring Capex","Project_Fact","DWH_SMALLER_FACT","FACT_MONITORING_CAPEX.dtsx","4","657.56","1089.32","2630.25","4","0","0","0","0","0","0","0","0","0","0","0","2","0","0","0","0","0","0","0",,"0","0","5","0","0","0","P2","Material optimization/investigation candidate"
"0C7283B2-1E9D-4187-9F29-82C22B02BA07","DWH_SIGAP","1","Fact SIGAP","Project_Fact","DWH_SIGAP","FACT_SIGAP.dtsx","1","618.28","618.28","618.28","1","0","0","0","0","0","0","0","0","0","0","6","17","0","0","291","0","0","0","0",,"0","0","1","0","0","0","P2","Material optimization/investigation candidate"
"840F2F31-8C8B-41A6-804B-11FEC3E6C541","MILL_COST_and_MILL_ENGINEERING","2","Dimensi","Project_Fact","MILL_COST_PROJECT","DIM_FOR_FACT_MILL_COST.dtsx","1","594.28","594.28","594.28","1","0","0","0","0","0","0","0","1","0","0","2","0","0","0","204","0","0","8","0",,"0","0","3","0","0","0","P2","Material optimization/investigation candidate"
"C6A9E91D-9B24-4AD8-B2C3-7126C3C75F9B","DWH_Bearer_Plant","11","DWH_FACT_BEARER_PLANT_CONSOL","Project_Fact","Bearer_Plant_Consol","DWH_FACT_BEARER_PLANT_CONSOL.dtsx","1","540.25","540.25","540.25","1","0","0","0","0","0","0","0","0","0","0","1","1","0","0","0","0","0","1","0",,"0","0","1","0","0","0","P3","Lower-impact or static-only optimization candidate"
"F5090C74-FE2C-479E-8A22-C23FD4B84C05","Areal Statement","2","DWH_STG_to_DWH_DM","Areal Statement","Areal Statement","DWH_STG_to_DWH_DM.dtsx","1","503.89","503.89","503.89","1","0","2","0","0","0","0","0","14","0","19","8","8","0","9","16","0","1","23","0",,"0","0","8","0","0","0","P2","Material optimization/investigation candidate"
"D5EB474D-ADC4-4941-95A9-7B59F5CB8EBB","Daily Opr - Mutu Buah","1","Mutu Buah","Project_Fact","DAILY_OPERATION","FACT_DAILY_OPR.dtsx","1","484.98","484.98","484.98","1","0","0","0","0","0","0","0","10","0","8","25","1","0","497","581","0","0","0","0",,"0","0","8","0","0","0","P2","Material optimization/investigation candidate"
"344FF26C-DD8F-420B-B46B-8BBD72B26EC3","DASHBOARD_STOCK","1","Staging Stock Area ECC0","Project_Fact","DWH_SMALLER_FACT","STAGING_STOCK_AREA_ECC0.dtsx","2","409.86","415.47","819.72","2","0","2","0","0","0","0","0","0","0","0","0","0","0","0","0","0","1","1","0",,"0","0","1","0","0","0","P3","Lower-impact or static-only optimization candidate"
"344FF26C-DD8F-420B-B46B-8BBD72B26EC3","DASHBOARD_STOCK","3","Fact Stock Area (Aging)","Project_Fact","DWH_SMALLER_FACT","FACT_STOCK_AREA.dtsx","2","396.24","424.28","792.47","2","0","0","0","0","0","0","0","0","0","0","0","0","0","0","1","0","0","0","0",,"0","0","1","0","0","0","P3","Lower-impact or static-only optimization candidate"
"28F3BEAE-17FF-4C10-8CAF-7E0A493A8A12","SEQUENCE_TABLE_REPOSITORY","1","DWH_RPS","Sequence_Table","Sequence_Table","Seq_Repository.dtsx","1","369.34","369.34","369.34","1","0","0","0","0","0","0","0","15","0","0","11","0","0","18","398","35","0","106","0",,"0","0","18","0","0","0","P2","Material optimization/investigation candidate"
"09FAE57B-5538-41B1-91A9-65019FD26DE1","SEQUENCE_TABLE_SAP","2","SEQ_STAGING_EHP8","Sequence_Table","Sequence_Table","Seq_Staging_SAP_EHP8.dtsx","3","365.67","521.61","1097.01","3","0","0","0","0","0","1","0","0","0","0","8","7","0","0","0","0","0","33","0",,"0","0","119","0","0","7","P2","Material optimization/investigation candidate"
"344FF26C-DD8F-420B-B46B-8BBD72B26EC3","DASHBOARD_STOCK","4","Fact Stock Management","Project_Fact","DASHBOARD_STOCK","FACT_STOCK_MANAGEMENT.dtsx","2","339.9","359.41","679.79","2","0","0","0","0","0","0","0","0","0","0","2","0","0","0","8","0","0","0","0",,"0","0","1","0","0","0","P2","Material optimization/investigation candidate"
"8E911887-10E9-41BB-95BE-5FDA1D5F6EAF","SEQUENCE_TABLE_SPARTA_QA","1","Staging","Sequence_Table","Sequence_Table","Seq_Staging_SPARTA_QA.dtsx","1","330.46","330.46","330.46","1","0","0","0","0","0","0","0","0","0","0","0","0","0","0","0","0","0","0","0",,"0","0","21","0","0","0","P2","Material optimization/investigation candidate"
"1225ADC7-FF0D-402D-BAEA-A97F7FC50CB1","AWL","1","Staging","Project_Fact","AWL","Staging.dtsx","41","317.19","859.24","13004.85","41","0","0","0","0","1","0","0","0","0","0","0","0","0","0","0","0","0","0","0",,"0","0","3","0","0","0","P1","High runtime or reliability impact"
"EB934AA2-8805-4B72-B55B-FBF7E84A368D","SEQUENCE_TABLE_NON_SAP","1","SEQ_STAGING","Sequence_Table","Sequence_Table","Seq_Staging_NON_SAP.dtsx","4","315.84","454.92","1263.37","4","0","0","0","0","0","1","0","14","0","0","12","11","0","0","0","0","0","18","0",,"0","0","62","0","0","0","P2","Material optimization/investigation candidate"
"E7058D5B-8495-41D8-AC54-73871C098FB3","DWH_MACHINE_LEARNING","2","Fact Analisa Produksi","Project_Fact","MACHINE_LEARNING","FACT_AP_TBS_.dtsx","6","302.16","406.43","1812.96","6","0","6","0","0","0","0","0","1","0","0","10","0","0","1","255","0","4","0","0",,"0","0","5","0","0","0","P2","Material optimization/investigation candidate"
"B8792916-3565-43E0-890B-339480B77B8B","Analisa Low Yield","3","Fact","Project_Fact","ANALISA_LOW_YIELD","Fact.dtsx","2","298.96","357.74","597.92","2","0","2","0","0","0","0","0","2","0","4","8","0","0","9","3","0","1","0","0",,"0","0","2","0","0","0","P2","Material optimization/investigation candidate"
"D4BD5565-1986-4E02-B3F4-FE47B59470FD","Profit TBS External","1","Fact TBS External","Project_Fact","TBS_EXTERNAL_PROJECT","Fact_TBS_External.dtsx","2","290.84","316.15","581.68","2","0","26","0","0","0","0","0","4","0","4","0","0","0","0","551","0","9","42","0",,"0","0","7","0","0","0","P2","Material optimization/investigation candidate"
"82F69113-E455-4B30-994C-502EE084690C","DWH_ZVT_MSEGPF","2","ZVT_MSEGPF_EHP8","Sequence_Table","Sequence_Table","Seq_Staging_SAP_EHP8_ZVT_MSEGPF.dtsx","2","286.53","374.34","573.05","2","0","0","0","0","0","0","0","0","0","0","0","0","0","0","0","0","0","1","0",,"0","0","1","0","0","0","P3","Lower-impact or static-only optimization candidate"
"FE9026B2-F82D-40D6-B45D-FC7BF486816F","SEQUENCE_TABLE_SAP_BSIS_BSAS_BSIK_BSAK_BSID_BSAD_BKPF","7","Seq_BKPF","Sequence_Table","Sequence_Table","Seq_BKPF.dtsx","7","279.65","675.09","1957.58","7","0","0","0","0","0","0","0","0","0","0","1","1","0","0","0","0","0","9","0",,"0","0","1","0","0","1","P2","Material optimization/investigation candidate"
"28D1D9C7-04B8-4278-8A3C-D0915D89468A","COGS","1","stg_CogsReport","COGS","COGS","stg_CogsReport.dtsx","1","271.49","271.49","271.49","1","0","0","0","0","0","0","0","0","0","1","0","2","0","0","44","0","0","0","0",,"0","0","12","0","0","0","P2","Material optimization/investigation candidate"
"EDBE384A-CA9D-425A-A3AB-867D19D0D947","SEQUENCE_TABLE_SAP_COBK","1","SEQ_STAGING_COBK","Sequence_Table","Sequence_Table","STG_SAP_COBK.dtsx","1","261.49","261.49","261.49","1","0","0","0","0","0","0","0","0","0","0","0","0","0","0","0","0","0","0","0",,"0","0","1","0","0","0","P3","Lower-impact or static-only optimization candidate"
"B1D01AEE-D0E7-4950-BF67-A01B4A28A742","RELOKASI BUDGET OPEX","2","Seq Fact","Project_Fact","RELOKASI_BUDGET_PROJECT","FACT_RELOCATION_BUDGET.dtsx","1","247.15","247.15","247.15","1","0","11","2","0","0","0","0","7","0","16","2","11","0","6","339","24","4","0","0",,"0","0","11","0","0","0","P2","Material optimization/investigation candidate"
"FE9026B2-F82D-40D6-B45D-FC7BF486816F","SEQUENCE_TABLE_SAP_BSIS_BSAS_BSIK_BSAK_BSID_BSAD_BKPF","1","Seq BSIS_BSAS","Sequence_Table","Sequence_Table","Seq_BSIS_BSAS.dtsx","7","239.55","351.89","1676.85","7","0","0","0","0","0","0","0","0","0","0","0","1","0","0","0","0","0","3","0",,"0","0","3","0","0","0","P3","Lower-impact or static-only optimization candidate"
"B96DE13D-F9AB-4F74-B05A-D2B91B3C4952","DWH_COEP","1","COEP","MR","SSISMR","DWH-COEP.dtsx","3","227.47","370.93","682.41","3","0","0","0","0","0","1","0","0","0","0","1","2","0","0","291","0","0","1","0",,"0","0","1","0","0","1","P2","Material optimization/investigation candidate"
"4315C553-D919-4F86-9441-B6B3B1C5C154","DWH_MR_ETC_SAP","1","SAP FAST TABLES","MR","SSISMR","DWH_SMALLERTABLES.dtsx","2","226.55","232.22","453.1","2","0","0","0","0","0","2","0","0","0","0","7","17","0","13","9","0","0","17","0",,"0","0","23","0","0","1","P2","Material optimization/investigation candidate"
"BB4B3E3D-A4EB-4B41-8575-DC4E4C30AB25","DWH_TRAKSI_LHT","2","Fact Traksi LHT","Project_Fact","DWH_TRAKSI","FACT_TRAKSI_LHT.dtsx","2","216.16","231.12","432.32","2","0","0","0","0","0","0","0","0","0","2","3","1","0","1","0","0","0","0","0",,"0","0","2","0","0","0","P3","Lower-impact or static-only optimization candidate"
"C6A9E91D-9B24-4AD8-B2C3-7126C3C75F9B","DWH_Bearer_Plant","2","DWH_FACT_BP_COEP","Project_Fact","Bearer_Plant","DWH_FACT_BP_COEP.dtsx","1","196.96","196.96","196.96","1","0","2","2","0","0","0","0","0","0","0","1","1","0","0","0","0","1","12","0",,"0","0","1","0","0","0","P2","Material optimization/investigation candidate"
"B96DE13D-F9AB-4F74-B05A-D2B91B3C4952","DWH_COEP","2","COEP EHP 8","Sequence_Table","Sequence_Table","Seq_Staging_SAP_EHP8_COEP.dtsx","3","183.13","243.86","549.39","3","0","0","0","0","0","0","0","0","0","0","0","0","0","0","0","0","0","1","0",,"0","0","1","0","0","0","P3","Lower-impact or static-only optimization candidate"
"F8DE7718-C3BB-4018-8CEF-4821ABFF2774","Daily Opr - GIP","3","Fact","Project_Fact","DWH_GIP","Fact.dtsx","1","183.1","183.1","183.1","1","0","0","0","0","0","0","0","0","0","0","2","0","0","0","11","0","0","0","0",,"0","0","7","0","0","0","P2","Material optimization/investigation candidate"
"B86C2C36-C257-4B1E-A542-3F8CFE33E27A","Alokasi Absensi HK","4","Pusingan Panen & Rawat","Project_Fact","ALOKASI_DAN_ABSENSI_HK","FACT_PUSINGAN_PANEN_DAN_RAWAT.dtsx","2","176.22","186.98","352.43","2","0","0","0","0","0","0","0","4","0","0","0","0","0","0","294","0","0","0","0",,"0","0","4","0","0","0","P2","Material optimization/investigation candidate"
"6D7C9921-843B-4919-B8A6-D42A047543FA","LAPORAN KEUANGAN KEBUN (LKK)","7","Fact TBS Angkut","Project_Fact","TBS_ANGKUT_PROJECT","UPLOAD_TBS_ANGKUT.dtsx","2","175.66","197.85","351.33","2","0","0","0","0","0","0","0","0","0","3","0","0","0","4","486","5","0","3","0",,"0","0","2","0","0","0","P2","Material optimization/investigation candidate"
"DE99768D-2EE9-43B7-999B-94D63699444F","SPARTA FACT","2","Check Query Process","Project_Fact","DWH_SMALLER_FACT","CHECK_QUERY_DATA.dtsx","3","154.48","186.48","463.45","3","0","0","0","0","0","0","0","0","0","0","0","0","0","0","0","0","0","0","0",,"0","0","0","0","0","0","P3","Lower-impact or static-only optimization candidate"
"3126CD92-2F7B-4CED-90CA-A14AF64BD97A","AWS","1","Fact AWS","Project_Fact","AWS","FACT_AWS.dtsx","1","148.07","148.07","148.07","1","0","0","0","0","0","0","0","3","0","0","5","0","0","24","670","0","0","5","0",,"0","0","6","0","0","0","P2","Material optimization/investigation candidate"
"CF2A65BA-7851-40E9-9D71-5433B180775F","COST_TO_MATURITY","1","FACT","Project_Fact","DWH_SMALLER_FACT","FACT_COST_TO_MATURITY.dtsx","2","142.37","196.55","284.74","2","0","0","0","0","0","0","0","0","0","2","1","0","0","0","1","0","0","0","0",,"0","0","2","0","0","0","P3","Lower-impact or static-only optimization candidate"
"C9AB424D-4260-4EA1-B78C-687B22E66F17","Saldo Treasury","5","Saldo Daily","Project_Fact","SALDO_TREASURY","FACT_SALDO_HARIAN.dtsx","5","137.63","159.62","688.17","5","0","2","0","0","0","0","0","9","0","6","7","0","0","21","1353","0","0","8","0",,"0","0","2","0","0","0","P2","Material optimization/investigation candidate"
"F5090C74-FE2C-479E-8A22-C23FD4B84C05","Areal Statement","1","SOURCE_to_DWH_STG","Areal Statement","Areal Statement","SOURCE_to_DWH_STG.dtsx","1","131.17","131.17","131.17","1","0","2","0","0","0","0","0","4","0","0","0","0","0","864","0","0","0","43","0",,"0","0","13","0","0","0","P2","Material optimization/investigation candidate"
"C9AB424D-4260-4EA1-B78C-687B22E66F17","Saldo Treasury","4","Saldo Monthly","Project_Fact","SALDO_TREASURY","FACT_SALDO_AKHIR_BULAN.dtsx","5","129.54","163.99","647.68","5","0","9","0","0","0","0","0","23","0","15","13","0","0","49","3453","0","0","17","0",,"0","0","10","0","0","0","P2","Material optimization/investigation candidate"
"EEA5F726-2034-485C-829F-FA985754496F","SQA - BHS","1","Fact","Project_Fact","PERFORMANCE_QUALITY_BHS","Fact.dtsx","1","126.04","126.04","126.04","1","0","0","0","0","0","0","0","0","0","4","2","2","0","5","434","0","0","6","0",,"0","0","1","0","0","0","P2","Material optimization/investigation candidate"
"63A3CEA7-786A-4D03-ADB0-ED8D81C7294E","Laporan Uang Muka","1","Fact Laporan Uang Muka","Project_Fact","UANG_MUKA_PROJECT","FACT_UANG_MUKA.dtsx","2","125.77","167.91","251.54","2","0","0","0","0","0","0","0","0","0","0","0","0","0","0","347","0","0","0","0",,"0","0","1","0","0","0","P2","Material optimization/investigation candidate"
"4B849F0C-6716-4986-A452-B62D726D012B","Pemakaian Pupuk Anorganik","1","PEMAKAIAN_PUPUK","Project_Fact","PEMAKAIAN_PUPUK_PROJECT","AKTUAL_PEMAKAIAN_PUPUK.dtsx","2","119.3","126.91","238.6","2","0","0","0","0","0","0","0","4","0","4","20","1","0","2","443","0","0","2","0",,"0","0","5","0","0","0","P2","Material optimization/investigation candidate"
"0065998F-70D7-480E-9B20-CFA4521501E0","MONITORING_TICKET_WB","2","Staging","Project_Fact","MONITORING_TICKET_WB","STAGING.dtsx","3","111.87","155.8","335.62","3","0","0","0","0","0","0","0","1","0","0","2","2","0","0","0","0","0","1","0",,"0","0","12","0","0","2","P2","Material optimization/investigation candidate"
"C90F7844-0223-46FD-B3D0-6701637830B6","Monitoring Pembangkit Listrik Mill","1","Fact","Project_Fact","DWH_POWER_MONITORING","Fact.dtsx","2","102.34","119.95","204.68","2","0","0","0","0","0","0","0","0","0","0","0","0","0","2","2","0","0","0","0",,"0","0","1","0","0","0","P3","Lower-impact or static-only optimization candidate"
"EFE670FB-DD03-469F-ADEE-CE0A6CF295BF","SPK_BAPP","2","spk_bapp","Project_Fact","CIVIL_ENGINEERING_PROJECT","FACT_CIVIL_ENGINEERING.dtsx","2","98.93","137.29","197.86","2","0","0","4","0","0","0","0","2","0","6","24","12","0","732","14","0","0","2","0",,"0","0","6","0","0","0","P2","Material optimization/investigation candidate"
"4069B0BD-67C1-418A-8247-0DF7C76090D6","Tax - Monthly","1","Daily DJP","Project_Fact","PPH21_DJP","FACT_DJP.dtsx","1","97.6","97.6","97.6","1","0","0","0","0","0","0","0","2","0","0","1","0","0","0","2","0","0","0","0",,"0","0","3","0","0","0","P3","Lower-impact or static-only optimization candidate"
"018BE64A-756D-4AEE-AF14-0793E9B1691C","ESTIMATION_COST_ELEMENT","1","Cost Element Weekly Rate","Project_Fact","COST_ELEMENT_PROJECT","FACT_COST_ELEMENT_RATE.dtsx","2","94.06","98.97","188.12","2","0","0","0","0","0","0","0","0","0","8","0","1","0","0","246","0","0","16","0",,"0","0","4","0","0","0","P2","Material optimization/investigation candidate"
"1082EBDB-3318-4470-A146-8BA64C1E313F","TBS External","1","Staging TBS External","Project_Fact","DAILY_DASHBOARD_PROJECT","STG_TBS_EXTERNAL.dtsx","4","91.22","216.36","364.87","4","0","0","0","0","0","0","0","0","0","0","2","0","0","0","0","0","0","0","0",,"0","0","3","0","0","0","P3","Lower-impact or static-only optimization candidate"
"0303C901-DA73-4ECB-9326-738370E32AEF","Tax - Unifikasi","1","Unifkasi","Project_Fact","PPH21_DJP","FACT_UNIFIKASI.dtsx","1","89.02","89.02","89.02","1","0","0","0","0","0","0","0","3","0","10","3","0","0","3","412","0","0","5","0",,"0","0","4","0","0","0","P2","Material optimization/investigation candidate"
"BB4B3E3D-A4EB-4B41-8575-DC4E4C30AB25","DWH_TRAKSI_LHT","3","Fact Traksi AB","Project_Fact","DWH_TRAKSI","FACT_LHT_AB.dtsx","2","87.85","115.49","175.7","2","0","0","0","0","0","0","0","1","0","3","0","0","0","0","0","0","0","0","0",,"0","0","1","0","0","0","P3","Lower-impact or static-only optimization candidate"
"3B46FF50-48C0-4B31-9CFE-EDD2642D0EDC","SEQUENCE_TABLE_SAP_SALDO_TREASURY","1","STG Saldo Treasury EHP0","Sequence_Table","Sequence_Table","Seq_Staging_SAP_SALDO_TREASURY.dtsx","5","87.46","121.78","437.32","5","0","0","0","0","0","0","0","0","0","0","0","2","0","0","0","0","0","9","0",,"0","0","10","0","0","0","P2","Material optimization/investigation candidate"
"94FD1005-44E4-4504-BABB-059DA2FA6936","Payment Realization","2","Fact Payment Realization","Project_Fact","PAYMENT_REALIZATION","Fact_Payment.dtsx","1","83.55","83.55","83.55","1","0","0","0","0","0","0","0","0","0","3","0","0","0","3","177","0","0","0","0",,"0","0","2","0","0","0","P2","Material optimization/investigation candidate"
"C6A9E91D-9B24-4AD8-B2C3-7126C3C75F9B","DWH_Bearer_Plant","3","DWH_FACT_BP_ZVT_MSEGPF","Project_Fact","Bearer_Plant","DWH_FACT_BP_ZVT_MSEGPF.dtsx","1","79.06","79.06","79.06","1","0","13","8","0","0","0","0","0","0","0","1","1","0","0","443","0","10","44","0",,"0","0","1","0","0","0","P2","Material optimization/investigation candidate"
"82F69113-E455-4B30-994C-502EE084690C","DWH_ZVT_MSEGPF","1","ZVT_MSEGPF","MR","SSISMR","DWH_ZVT_MSEGPF.dtsx","2","73.76","106.28","147.52","2","0","0","0","0","0","0","0","0","0","0","1","2","0","0","0","0","0","2","0",,"0","0","2","0","0","1","P3","Lower-impact or static-only optimization candidate"
"840F2F31-8C8B-41A6-804B-11FEC3E6C541","MILL_COST_and_MILL_ENGINEERING","4","Fact Mill Cost Dashboard","Project_Fact","MILL_COST_PROJECT","FACT_MILL_COST_DASHBOARD.dtsx","1","71.84","71.84","71.84","1","0","0","0","0","0","0","2","2","0","1","0","0","0","2","344","2","0","11","0",,"0","0","3","0","0","0","P2","Material optimization/investigation candidate"
"B37FB395-F8FE-410F-BD05-0159C3640595","Daily Opr - Produksi TBS","6","Fact Summary TBS","Project_Fact","DAILY_DASHBOARD_PROJECT","FACT_DD_SUMMARY.dtsx","6","68.31","108.67","409.89","6","0","0","0","0","0","0","0","0","0","0","18","20","0","0","1770","0","0","0","0",,"0","0","5","0","0","0","P2","Material optimization/investigation candidate"
"BB4B3E3D-A4EB-4B41-8575-DC4E4C30AB25","DWH_TRAKSI_LHT","1","Staging","Project_Fact","DWH_TRAKSI","STG_TRAKSI_LHT.dtsx","2","61.07","115.42","122.14","2","0","0","0","0","1","0","0","0","0","0","0","0","0","138","0","0","0","0","0",,"0","0","4","0","0","0","P2","Material optimization/investigation candidate"
"840F2F31-8C8B-41A6-804B-11FEC3E6C541","MILL_COST_and_MILL_ENGINEERING","5","Fact Mill Engineering","Project_Fact","CIVIL_ENGINEERING_PROJECT","FACT_CIVIL_ENGINEERING.dtsx","1","58.72","58.72","58.72","1","0","0","4","0","0","0","0","2","0","6","24","12","0","732","14","0","0","2","0",,"0","0","6","0","0","0","P2","Material optimization/investigation candidate"
"FE9026B2-F82D-40D6-B45D-FC7BF486816F","SEQUENCE_TABLE_SAP_BSIS_BSAS_BSIK_BSAK_BSID_BSAD_BKPF","8","Seq_BKPF_EHP8","Sequence_Table","Sequence_Table","Seq_Staging_SAP_EHP8_BKPF.dtsx","7","55.99","128.16","391.93","7","0","0","0","0","0","0","0","0","0","0","1","1","0","0","0","0","0","9","0",,"0","0","1","0","0","1","P2","Material optimization/investigation candidate"
"44A9C4F2-577B-4735-A003-90B9C904A19C","Intercompany Loan","1","Daily INLOAN","Project_Fact","Inter Company Loan","FACT_INLOAN.dtsx","2","53.78","58.11","107.56","2","0","1","0","0","0","0","0","11","0","0","43","24","0","8","325","0","0","35","0",,"0","0","5","0","0","0","P2","Material optimization/investigation candidate"
"FE9026B2-F82D-40D6-B45D-FC7BF486816F","SEQUENCE_TABLE_SAP_BSIS_BSAS_BSIK_BSAK_BSID_BSAD_BKPF","5","Seq BSID_BSAD","Sequence_Table","Sequence_Table","Seq_BSID_BSAD.dtsx","7","52.89","75.93","370.23","7","0","0","0","0","0","0","0","0","0","0","0","0","0","0","0","0","0","2","0",,"0","0","2","0","0","0","P3","Lower-impact or static-only optimization candidate"
"EFE670FB-DD03-469F-ADEE-CE0A6CF295BF","SPK_BAPP","3","Payment","Project_Fact","SPK_BAPP","Payment.dtsx","2","51.58","67","103.16","2","0","0","0","0","0","0","0","1","0","0","8","8","0","0","7","0","0","7","0",,"0","0","2","0","0","0","P2","Material optimization/investigation candidate"
"C7FA594A-DB20-460C-890A-B0B8EF449916","COMPARISON ESTATE vs MILL COST","2","Fact","Project_Fact","ESTATE_MILL_COST_PROJECT","FACT_ESTATE_MILL_COST.dtsx","2","50.1","75.2","100.21","2","0","8","0","0","0","0","0","2","0","12","0","0","0","0","940","71","6","24","0",,"0","0","8","0","0","0","P2","Material optimization/investigation candidate"
"0E2745CD-8B66-474F-BD05-4E2E9A36149F","SEQUENCE_TABLE_WB","1","Seq Staging WB","Sequence_Table","Sequence_Table","Seq_Staging_WB.dtsx","5","49.26","74.35","246.3","1","4","0","0","0","0","0","0","5","0","0","0","0","0","0","0","0","0","5","0",,"0","0","23","0","0","0","P1","High runtime or reliability impact"
"DE99768D-2EE9-43B7-999B-94D63699444F","SPARTA FACT","5","Fact Sparta Monitoring Input","Project_Fact","SPARTA_PROJECT","FACT_SPARTA_MONITORING_INPUT.dtsx","3","48.45","62.3","145.35","3","0","0","0","0","0","0","0","0","0","1","0","0","0","0","0","0","0","0","0",,"0","0","1","0","0","0","P3","Lower-impact or static-only optimization candidate"
"007BBACD-F35B-49EC-BE1D-0347660DDD1A","SMK3 Sustainability","1","Fact SMK3 Sustainability","Project_Fact","SUSTAINABILITY_SMK3","FACT_SUSTAIN_SMK3.dtsx","1","47.57","47.57","47.57","1","0","0","0","0","0","0","0","0","0","0","0","1","0","2","0","0","0","0","0",,"0","0","1","0","0","0","P3","Lower-impact or static-only optimization candidate"
"9558A386-42A0-4D60-935C-CE2295DFC697","Payment Treasury","6","Fact Performance","Project_Fact","PAYMENT TREASURY","FACT_PERFORMANCE_PAYMENT.dtsx","3","46.97","57.85","140.9","3","0","0","0","0","0","0","0","3","0","0","12","0","0","0","183","0","0","0","0",,"0","0","2","0","0","0","P2","Material optimization/investigation candidate"
"62088AC8-D634-4732-B90F-19CFBDE2CD4E","AI Grading","1","Staging","Project_Fact","DWH_GRADING_TBS","Staging.dtsx","6","45.98","110.87","275.9","2","4","0","0","0","1","0","0","0","0","0","0","0","0","0","0","0","0","0","0",,"0","0","1","0","0","0","P1","High runtime or reliability impact"
"EFE670FB-DD03-469F-ADEE-CE0A6CF295BF","SPK_BAPP","1","Ijin_Prinsip","Project_Fact","SPK_BAPP","SPK_BAPP.dtsx","2","45.37","74.23","90.73","2","0","0","0","0","0","0","0","4","0","0","8","0","0","0","24","0","0","0","0",,"0","0","4","0","0","0","P2","Material optimization/investigation candidate"
"FE9026B2-F82D-40D6-B45D-FC7BF486816F","SEQUENCE_TABLE_SAP_BSIS_BSAS_BSIK_BSAK_BSID_BSAD_BKPF","3","Seq BSIK_BSAK","Sequence_Table","Sequence_Table","Seq_BSIK_BSAK.dtsx","7","44.69","52.15","312.8","7","0","0","0","0","0","0","0","0","0","0","0","0","0","0","0","0","0","2","0",,"0","0","2","0","0","0","P3","Lower-impact or static-only optimization candidate"
"C0788684-46B3-4E18-83F3-94F100344FF1","SEQUENCE_TABLE_POWER_MONITORING","1","Staging","Sequence_Table","Sequence_Table","Seq_Staging_Power_Monitoring.dtsx","2","44.07","57.51","88.15","2","0","0","0","0","0","0","0","15","0","0","0","0","0","0","2544","0","0","60","0",,"0","0","3","0","0","0","P2","Material optimization/investigation candidate"
"344FF26C-DD8F-420B-B46B-8BBD72B26EC3","DASHBOARD_STOCK","2","StagingStock Area EHP8","Project_Fact","DWH_SMALLER_FACT","STAGING_STOCK_AREA_EHP8.dtsx","2","38.99","51.46","77.99","2","0","2","0","0","0","0","0","0","0","0","0","0","0","0","0","0","1","1","0",,"0","0","1","0","0","0","P3","Lower-impact or static-only optimization candidate"
"0078C687-28A6-4077-943D-20ADEE70C2AC","Tax - Pph21","1","Pph21","Project_Fact","PPH21_DJP","FACT_PPH21.dtsx","1","36.87","36.87","36.87","1","0","0","0","0","0","0","0","1","0","6","0","2","0","0","1049","0","0","13","0",,"0","0","3","0","0","0","P2","Material optimization/investigation candidate"
"5ECE39E8-D47A-4559-A8E7-5766D4B949E0","SPARTA FACT 4T","3","Dimensi Sparta LHA","Project_Fact","SPARTA_PROJECT","DIMENSI_SPARTA.dtsx","6","32.82","39.31","196.92","6","0","0","0","0","0","0","0","29","0","0","0","0","0","0","0","0","0","85","0",,"0","0","58","0","0","0","P2","Material optimization/investigation candidate"
"9558A386-42A0-4D60-935C-CE2295DFC697","Payment Treasury","3","Fact Summary","Project_Fact","PAYMENT TREASURY","FACT_SUMMARY_PAYMENT.dtsx","3","30.77","34.66","92.31","3","0","0","0","0","0","0","0","3","0","0","10","0","0","0","334","0","0","0","0",,"0","0","3","0","0","0","P2","Material optimization/investigation candidate"
"2B774A9F-6DDA-413A-B1EC-74DD480BFA04","REALISASI BUDGET HO","3","Dimensi","Project_Fact","REALISASI VS ANGGARAN HO PROJECT","DIMENSI_REALIASI_VS_ANGGARAN_HO.dtsx","1","25.67","25.67","25.67","1","0","0","0","0","0","0","0","0","0","0","0","0","0","0","0","0","0","1","0",,"0","0","3","0","0","0","P3","Lower-impact or static-only optimization candidate"
"E7058D5B-8495-41D8-AC54-73871C098FB3","DWH_MACHINE_LEARNING","1","Fact ML Yield Prediction","Project_Fact","MACHINE_LEARNING","FACT_ML_YP.dtsx","6","25.08","37.77","150.45","6","0","2","0","0","1","0","0","0","0","0","0","0","0","1","0","0","1","0","0",,"0","0","4","0","0","0","P3","Lower-impact or static-only optimization candidate"
"9E344EE1-33B4-4F8B-BE8E-7CDCA6DA59EC","Summary PL & EBITDA","5","Fact Ebitda","SummaryPL","Summary PL Project","fact_ebitda.dtsx","1","24.05","24.05","24.05","1","0","0","0","0","0","0","0","5","0","0","4","2","0","8","235","0","0","6","0",,"0","0","1","0","0","0","P2","Material optimization/investigation candidate"
"0874DB0C-DB80-4053-8D10-B4E94CD80860","Tax - Annually","1","Initial Annually","Project_Fact","PPH21_DJP","FACT_PPH_ANNUAL.dtsx","1","21.86","21.86","21.86","1","0","0","0","0","0","0","0","2","0","1","0","0","0","3","1","0","0","0","0",,"0","0","2","0","0","0","P3","Lower-impact or static-only optimization candidate"
"F2FEA983-1F54-495A-A9B4-3A6C73B3D504","SQA - BMS","2","Fact BMS","Project_Fact","Blok Manuring System","FACT_BMS.dtsx","1","19.77","19.77","19.77","1","0","0","0","0","0","0","0","1","0","2","0","0","0","6","8","0","0","0","0",,"0","0","1","0","0","0","P2","Material optimization/investigation candidate"
"B8792916-3565-43E0-890B-339480B77B8B","Analisa Low Yield","2","Check Query Process","Project_Fact","DWH_SMALLER_FACT","CHECK_QUERY_DATA.dtsx","2","19.26","32.52","38.52","2","0","0","0","0","0","0","0","0","0","0","0","0","0","0","0","0","0","0","0",,"0","0","0","0","0","0","P3","Lower-impact or static-only optimization candidate"
"EB7180CD-A4BE-4B05-9CC2-26C1A0BC776F","Traffic Management System","1","STG TMS","Sequence_Table","Sequence_Table","Seq_Staging_NON_SAP_TMS.dtsx","1","19.18","19.18","19.18","0","1","0","0","0","0","0","0","5","0","0","0","0","0","0","0","0","0","0","0",,"0","0","7","0","0","0","P1","High runtime or reliability impact"
"C6A9E91D-9B24-4AD8-B2C3-7126C3C75F9B","DWH_Bearer_Plant","12","Group_Pipeline_Bearer_Plant_Consol_1","Project_Fact","Bearer_Plant_Consol","Group_Pipeline_Bearer_Plant_Consol_1.dtsx","1","19.1","19.1","19.1","1","0","0","0","0","0","0","0","0","0","0","0","0","0","0","0","0","0","0","0",,"0","0","0","10","0","0","P2","Material optimization/investigation candidate"
"C6A9E91D-9B24-4AD8-B2C3-7126C3C75F9B","DWH_Bearer_Plant","4","DWH_FACT_BP_FAGLFLEXT","Project_Fact","Bearer_Plant","DWH_FACT_BP_FAGLFLEXT.dtsx","1","19.04","19.04","19.04","1","0","2","3","0","0","0","0","2","0","0","3","0","0","2","528","0","1","86","0",,"0","0","1","0","0","0","P2","Material optimization/investigation candidate"
"1DC093A3-2313-446F-89F5-F2436FD0E813","INVESTOR RELATION","4","PL dan BS","Project_Fact","INVESTOR_RELATIONS_PROJECT","PL_BS.dtsx","2","18.92","34.74","37.85","1","1","0","0","0","0","0","0","0","0","0","0","0","0","0","210","0","0","0","0",,"0","0","4","0","0","0","P1","High runtime or reliability impact"
"9E344EE1-33B4-4F8B-BE8E-7CDCA6DA59EC","Summary PL & EBITDA","2","Dim Company","SummaryPL","Summary PL Project","dim_company.dtsx","1","18.87","18.87","18.87","1","0","0","0","0","0","0","0","1","0","0","0","0","0","0","0","0","0","0","0",,"0","0","1","0","0","0","P3","Lower-impact or static-only optimization candidate"
"2EC67D75-1484-4B96-81B9-A499DEC537FC","Rekapitulasi","1","Rekapitulasi","Project_Fact","Rekapitulasi","Fact_Rekapitulasi.dtsx","2","17.13","24.63","34.26","2","0","12","0","0","0","0","0","2","0","0","3","0","0","0","4","0","6","4","0",,"0","0","2","0","0","0","P2","Material optimization/investigation candidate"
"9E344EE1-33B4-4F8B-BE8E-7CDCA6DA59EC","Summary PL & EBITDA","3","Fact Summary PL","SummaryPL","Summary PL Project","fact_summary_pl.dtsx","1","16.88","16.88","16.88","1","0","0","0","0","0","0","0","2","0","0","8","6","0","5","308","0","0","7","0",,"0","0","1","0","0","0","P2","Material optimization/investigation candidate"
"FE9026B2-F82D-40D6-B45D-FC7BF486816F","SEQUENCE_TABLE_SAP_BSIS_BSAS_BSIK_BSAK_BSID_BSAD_BKPF","2","Seq_BSIS_BSAS_EHP8","Sequence_Table","Sequence_Table","Seq_Staging_SAP_EHP8_BSIS_BSAS.dtsx","7","16.28","24.62","113.99","7","0","0","0","0","0","0","0","0","0","0","0","1","0","0","0","0","0","3","0",,"0","0","3","0","0","0","P3","Lower-impact or static-only optimization candidate"
"0065998F-70D7-480E-9B20-CFA4521501E0","MONITORING_TICKET_WB","3","Fact","Project_Fact","MONITORING_TICKET_WB","FACT.dtsx","3","15.47","19.48","46.4","3","0","0","0","0","0","0","0","3","0","0","4","6","0","0","235","0","0","6","0",,"0","0","1","0","0","0","P2","Material optimization/investigation candidate"
"9E344EE1-33B4-4F8B-BE8E-7CDCA6DA59EC","Summary PL & EBITDA","4","Dim Code Ebitda","SummaryPL","Summary PL Project","dim_code_ebitda.dtsx","1","14.73","14.73","14.73","1","0","0","0","0","0","0","0","1","0","0","0","0","0","1","6","0","0","0","0",,"0","0","1","0","0","0","P3","Lower-impact or static-only optimization candidate"
"F2FEA983-1F54-495A-A9B4-3A6C73B3D504","SQA - BMS","1","Initiate BJR","Project_Fact","Blok Manuring System","FACT_BJR.dtsx","1","14.48","14.48","14.48","1","0","0","0","0","0","0","0","2","0","0","2","0","0","0","2","0","0","0","0",,"0","0","2","0","0","0","P3","Lower-impact or static-only optimization candidate"
"3B46FF50-48C0-4B31-9CFE-EDD2642D0EDC","SEQUENCE_TABLE_SAP_SALDO_TREASURY","2","STG Saldo Treasury EHP8","Sequence_Table","Sequence_Table","Seq_Staging_SAP_EHP8_SALDO_TREASURY.dtsx","5","12.62","23.32","63.12","5","0","0","0","0","0","0","0","0","0","0","0","0","0","0","0","0","0","8","0",,"0","0","9","0","0","0","P2","Material optimization/investigation candidate"
"B46EAEDE-9157-4E22-B76A-24CB84D4E80A","Vehicle Registration","1","Daily VR","Project_Fact","Vehicle Registration","FACT_VR.dtsx","4","12.08","25.26","48.32","4","0","0","0","0","0","0","0","4","0","0","0","0","0","0","4","0","0","0","0",,"0","0","4","0","0","0","P2","Material optimization/investigation candidate"
"9558A386-42A0-4D60-935C-CE2295DFC697","Payment Treasury","4","Fact Detail","Project_Fact","PAYMENT TREASURY","FACT_DETAIL_PAYMENT.dtsx","3","11.56","14.5","34.67","3","0","0","0","0","0","0","0","0","0","0","8","3","0","0","222","0","0","0","0",,"0","0","3","0","0","0","P2","Material optimization/investigation candidate"
"C6A9E91D-9B24-4AD8-B2C3-7126C3C75F9B","DWH_Bearer_Plant","13","Group_Pipeline_Bearer_Plant_Consol_2","Project_Fact","Bearer_Plant_Consol","Group_Pipeline_Bearer_Plant_Consol_2.dtsx","1","11.44","11.44","11.44","1","0","0","0","0","0","0","0","0","0","0","0","0","0","0","0","0","0","0","0",,"0","0","0","4","0","0","P3","Lower-impact or static-only optimization candidate"
"3E69F060-FAEE-453B-AA27-1C4CBC5DE307","MONITORING_CAPEX","2","Check Query Process","Project_Fact","DWH_SMALLER_FACT","CHECK_QUERY_DATA.dtsx","4","11.37","32.46","45.46","4","0","0","0","0","0","0","0","0","0","0","0","0","0","0","0","0","0","0","0",,"0","0","0","0","0","0","P3","Lower-impact or static-only optimization candidate"
"9558A386-42A0-4D60-935C-CE2295DFC697","Payment Treasury","5","Fact Outstanding","Project_Fact","PAYMENT TREASURY","FACT_OUTSTANDING_PAYMENT.dtsx","3","11.12","15.74","33.35","3","0","0","0","0","0","0","0","4","0","0","4","0","0","12","192","0","0","0","0",,"0","0","3","0","0","0","P2","Material optimization/investigation candidate"
"9E344EE1-33B4-4F8B-BE8E-7CDCA6DA59EC","Summary PL & EBITDA","1","Dim Coa","SummaryPL","Summary PL Project","dim_coa.dtsx","1","10.98","10.98","10.98","1","0","0","0","0","0","0","0","0","0","0","0","0","0","0","0","0","0","0","0",,"0","0","1","0","0","0","P3","Lower-impact or static-only optimization candidate"
"3B70A71E-2D5D-4F36-8BD6-58659AC0CCC6","Ranking Payroll","2","Check Query Data","Project_Fact","DWH_SMALLER_FACT","CHECK_QUERY_DATA.dtsx","1","10.5","10.5","10.5","1","0","0","0","0","0","0","0","0","0","0","0","0","0","0","0","0","0","0","0",,"0","0","0","0","0","0","P3","Lower-impact or static-only optimization candidate"
"C6A9E91D-9B24-4AD8-B2C3-7126C3C75F9B","DWH_Bearer_Plant","8","DWH_FACT_BEARER_PLANT_SUMMARIZE","Project_Fact","Bearer_Plant","DWH_FACT_BEARER_PLANT_SUMMARIZE.dtsx","1","10.13","10.13","10.13","1","0","0","4","0","0","0","0","2","0","0","0","0","0","0","137","0","0","12","0",,"0","0","3","0","0","0","P2","Material optimization/investigation candidate"
"EDBE384A-CA9D-425A-A3AB-867D19D0D947","SEQUENCE_TABLE_SAP_COBK","2","SEQ_STAGING_COBK_EHP8","Sequence_Table","Sequence_Table","Seq_Staging_SAP_EHP8_COBK.dtsx","1","9.41","9.41","9.41","1","0","0","0","0","0","0","0","0","0","0","0","0","0","0","0","0","0","0","0",,"0","0","1","0","0","0","P3","Lower-impact or static-only optimization candidate"
"1225ADC7-FF0D-402D-BAEA-A97F7FC50CB1","AWL","2","Fact","Project_Fact","AWL","Fact.dtsx","41","8.56","78.15","350.81","41","0","0","0","0","0","0","0","0","0","0","1","0","0","0","0","0","0","0","0",,"0","0","2","0","0","0","P3","Lower-impact or static-only optimization candidate"
"2B774A9F-6DDA-413A-B1EC-74DD480BFA04","REALISASI BUDGET HO","2","Manual Upload","Project_Fact","REALISASI VS ANGGARAN HO PROJECT","UPLOAD_PTAB_RELOKASI_COP.dtsx","1","8.25","8.25","8.25","1","0","0","0","0","0","0","0","0","0","0","0","0","0","0","0","0","0","2","0",,"0","0","5","0","0","0","P3","Lower-impact or static-only optimization candidate"
"C6A9E91D-9B24-4AD8-B2C3-7126C3C75F9B","DWH_Bearer_Plant","14","DWH_FACT_BGA_CONSOL","Project_Fact","Bearer_Plant_Consol","DWH_FACT_BGA_CONSOL.dtsx","1","8.13","8.13","8.13","1","0","19","4","0","0","0","0","0","0","0","6","0","0","554","0","0","15","27","0",,"0","0","1","0","0","0","P2","Material optimization/investigation candidate"
"FE9026B2-F82D-40D6-B45D-FC7BF486816F","SEQUENCE_TABLE_SAP_BSIS_BSAS_BSIK_BSAK_BSID_BSAD_BKPF","4","Seq_BSIK_BSAK_EHP8","Sequence_Table","Sequence_Table","Seq_Staging_SAP_EHP8_BSIK_BSAK.dtsx","7","8.13","15.92","56.93","7","0","0","0","0","0","0","0","0","0","0","0","0","0","0","0","0","0","2","0",,"0","0","2","0","0","0","P3","Lower-impact or static-only optimization candidate"
"4FDB1467-9A30-437A-AFD6-31A0CF8BB350","AP Aging","1","fact_ap_aging","Project_Fact","AP_AGING_PROJECT","Ap_Aging.dtsx","1","7.76","7.76","7.76","1","0","0","0","0","0","0","0","0","0","0","0","0","0","0","0","0","0","0","0",,"0","0","1","0","0","0","P3","Lower-impact or static-only optimization candidate"
"AFFCF0E6-37CA-42D7-8165-CB6EBE2EDB7E","Controllable Profit","2","Check Query Process","Project_Fact","DWH_SMALLER_FACT","CHECK_QUERY_DATA.dtsx","2","7.47","8.35","14.93","2","0","0","0","0","0","0","0","0","0","0","0","0","0","0","0","0","0","0","0",,"0","0","0","0","0","0","P3","Lower-impact or static-only optimization candidate"
"FE9026B2-F82D-40D6-B45D-FC7BF486816F","SEQUENCE_TABLE_SAP_BSIS_BSAS_BSIK_BSAK_BSID_BSAD_BKPF","6","Seq_BSID_BSAD_EHP8","Sequence_Table","Sequence_Table","Seq_Staging_SAP_EHP8_BSID_BSAD.dtsx","7","7.15","13.83","50.05","7","0","0","0","0","0","0","0","0","0","0","0","0","0","0","0","0","0","2","0",,"0","0","2","0","0","0","P3","Lower-impact or static-only optimization candidate"
"B86C2C36-C257-4B1E-A542-3F8CFE33E27A","Alokasi Absensi HK","2","Query Check Data","Project_Fact","DWH_SMALLER_FACT","CHECK_QUERY_DATA.dtsx","2","5.88","6.23","11.77","2","0","0","0","0","0","0","0","0","0","0","0","0","0","0","0","0","0","0","0",,"0","0","0","0","0","0","P3","Lower-impact or static-only optimization candidate"
"6D7C9921-843B-4919-B8A6-D42A047543FA","LAPORAN KEUANGAN KEBUN (LKK)","2","Query Check Data","Project_Fact","DWH_SMALLER_FACT","CHECK_QUERY_DATA.dtsx","1","5.4","5.4","5.4","1","0","0","0","0","0","0","0","0","0","0","0","0","0","0","0","0","0","0","0",,"0","0","0","0","0","0","P3","Lower-impact or static-only optimization candidate"
"9558A386-42A0-4D60-935C-CE2295DFC697","Payment Treasury","1","Dim","Project_Fact","PAYMENT TREASURY","DIM_PAYMENT.dtsx","3","5.29","7.97","15.88","3","0","0","0","0","0","0","0","0","0","0","0","0","0","0","0","0","0","0","0",,"0","0","4","0","0","0","P3","Lower-impact or static-only optimization candidate"
"28D1D9C7-04B8-4278-8A3C-D0915D89468A","COGS","2","dim_cogs_measure","COGS","COGS","dim_cogs_measure.dtsx","1","5.28","5.28","5.28","1","0","0","0","0","0","0","0","0","0","0","0","0","0","0","0","0","0","0","0",,"0","0","1","0","0","0","P3","Lower-impact or static-only optimization candidate"
"42F77D2E-0917-419D-82E3-72F0E796B645","Uang Masuk Collection","1","Fact Uang Masuk Collection","Project_Fact","DPCOLLECTION_PROJECT","Fact_DP_Collection.dtsx","1","5.18","5.18","5.18","1","0","6","0","0","0","0","0","1","0","0","0","0","0","0","74","0","3","4","0",,"0","0","4","0","0","0","P2","Material optimization/investigation candidate"
"B558F3CB-BBED-4BCD-B7D0-79E7B13537E5","SQA - BGS","1","Fact","Project_Fact","PERFORMANCE_QUALITY_BGS","Fact.dtsx","1","4.96","4.96","4.96","1","0","0","0","0","0","0","0","0","0","0","0","0","0","0","0","0","0","0","0",,"0","0","2","0","0","0","P3","Lower-impact or static-only optimization candidate"
"C6A9E91D-9B24-4AD8-B2C3-7126C3C75F9B","DWH_Bearer_Plant","9","DWH_FACT_BEARER_PLANT_SUMMARIZE_Excel","Project_Fact","Bearer_Plant","DWH_FACT_BEARER_PLANT_SUMMARIZE_Excel.dtsx","1","4.9","4.9","4.9","1","0","9","2","0","0","0","0","0","0","0","4","3","0","194","210","0","7","18","0",,"0","0","2","0","0","0","P2","Material optimization/investigation candidate"
"9558A386-42A0-4D60-935C-CE2295DFC697","Payment Treasury","2","Mapping","Project_Fact","PAYMENT TREASURY","MAPPING_GROUP_PAYMENT.dtsx","3","4.85","9.28","14.55","3","0","0","0","0","0","0","0","0","0","0","0","0","0","0","0","0","0","0","0",,"0","0","3","0","0","0","P3","Lower-impact or static-only optimization candidate"
"C6A9E91D-9B24-4AD8-B2C3-7126C3C75F9B","DWH_Bearer_Plant","10","Group_Pipeline_Dim_Bearer_Plant_Consol","Project_Fact","Bearer_Plant_Consol","Group_Pipeline_Dim_Bearer_Plant_Consol.dtsx","1","4.8","4.8","4.8","1","0","0","0","0","0","0","0","0","0","0","0","0","0","0","0","0","0","0","0",,"0","0","0","4","0","0","P3","Lower-impact or static-only optimization candidate"
"1DC093A3-2313-446F-89F5-F2436FD0E813","INVESTOR RELATION","2","Check Query Process","Project_Fact","DWH_SMALLER_FACT","CHECK_QUERY_DATA.dtsx","1","4.68","4.68","4.68","1","0","0","0","0","0","0","0","0","0","0","0","0","0","0","0","0","0","0","0",,"0","0","0","0","0","0","P3","Lower-impact or static-only optimization candidate"
"C7FA594A-DB20-460C-890A-B0B8EF449916","COMPARISON ESTATE vs MILL COST","1","Insert Mapping","Project_Fact","ESTATE_MILL_COST_PROJECT","INSERT_REPORT_LEVEL_ESTATE_MILL.dtsx","2","4.63","7.13","9.25","2","0","0","0","0","0","0","0","0","0","0","0","0","0","0","0","0","0","1","0",,"0","0","1","0","0","0","P3","Lower-impact or static-only optimization candidate"
"28D1D9C7-04B8-4278-8A3C-D0915D89468A","COGS","3","dim_company","COGS","COGS","dim_company.dtsx","1","4.6","4.6","4.6","1","0","0","0","0","0","0","0","0","0","0","0","0","0","0","0","0","0","0","0",,"0","0","1","0","0","0","P3","Lower-impact or static-only optimization candidate"
"94FD1005-44E4-4504-BABB-059DA2FA6936","Payment Realization","1","Dim Mapping","Project_Fact","PAYMENT_REALIZATION","Dim_Payment_Mapping.dtsx","1","4.42","4.42","4.42","1","0","0","0","0","0","0","0","0","0","0","0","0","0","0","0","0","0","0","0",,"0","0","2","0","0","0","P3","Lower-impact or static-only optimization candidate"
"28D1D9C7-04B8-4278-8A3C-D0915D89468A","COGS","5","fact_cogs","COGS","COGS","fact_cogs.dtsx","1","4.08","4.08","4.08","1","0","0","0","0","0","0","0","2","0","0","0","1","0","0","0","0","0","2","0",,"0","0","1","0","0","0","P3","Lower-impact or static-only optimization candidate"
"B37FB395-F8FE-410F-BD05-0159C3640595","Daily Opr - Produksi TBS","4","Staging Mapping","Project_Fact","DAILY_DASHBOARD_PROJECT","STG_DAILY_DASHBOARD.dtsx","6","3.98","5.06","23.85","6","0","0","0","0","0","0","0","0","0","0","0","0","0","0","0","0","0","0","0",,"0","0","2","0","0","0","P3","Lower-impact or static-only optimization candidate"
"C6A9E91D-9B24-4AD8-B2C3-7126C3C75F9B","DWH_Bearer_Plant","15","DWH_FACT_BAL_CONSOL","Project_Fact","Bearer_Plant_Consol","DWH_FACT_BAL_CONSOL.dtsx","1","3.69","3.69","3.69","1","0","11","2","0","0","0","0","0","0","0","2","0","0","150","0","0","7","14","0",,"0","0","1","0","0","0","P2","Material optimization/investigation candidate"
"B37FB395-F8FE-410F-BD05-0159C3640595","Daily Opr - Produksi TBS","2","Check Query Process","Project_Fact","DWH_SMALLER_FACT","CHECK_QUERY_DATA.dtsx","6","3.23","5.43","19.39","6","0","0","0","0","0","0","0","0","0","0","0","0","0","0","0","0","0","0","0",,"0","0","0","0","0","0","P3","Lower-impact or static-only optimization candidate"
"5ECE39E8-D47A-4559-A8E7-5766D4B949E0","SPARTA FACT 4T","2","Check Query Process","Project_Fact","DWH_SMALLER_FACT","CHECK_QUERY_DATA.dtsx","6","3.2","5.45","19.2","6","0","0","0","0","0","0","0","0","0","0","0","0","0","0","0","0","0","0","0",,"0","0","0","0","0","0","P3","Lower-impact or static-only optimization candidate"
"B1D01AEE-D0E7-4950-BF67-A01B4A28A742","RELOKASI BUDGET OPEX","1","Seq_Staging","Project_Fact","RELOKASI_BUDGET_PROJECT","Staging_Relocation_Budget.dtsx","1","3.08","3.08","3.08","1","0","0","0","0","1","0","0","0","0","0","0","0","0","0","0","0","0","1","0",,"0","0","2","0","0","0","P3","Lower-impact or static-only optimization candidate"
"C9AB424D-4260-4EA1-B78C-687B22E66F17","Saldo Treasury","3","Mapping","Project_Fact","SALDO_TREASURY","MAPPING_SALDO.dtsx","5","2.96","4.74","14.79","5","0","0","0","0","0","0","0","0","0","0","0","0","0","0","0","0","0","0","0",,"0","0","4","0","0","0","P3","Lower-impact or static-only optimization candidate"
"C6A9E91D-9B24-4AD8-B2C3-7126C3C75F9B","DWH_Bearer_Plant","5","DWH_FACT_BP_Excel_Manual_Upload","Project_Fact","Bearer_Plant","DWH_FACT_BP_Excel_Manual_Upload.dtsx","1","2.82","2.82","2.82","1","0","4","1","0","0","0","0","0","0","0","0","0","0","248","518","0","2","91","0",,"0","0","1","0","0","0","P2","Material optimization/investigation candidate"
"1DC093A3-2313-446F-89F5-F2436FD0E813","INVESTOR RELATION","3","Upload IR","Project_Fact","INVESTOR_RELATIONS_PROJECT","Upload_IR.dtsx","1","2.8","2.8","2.8","1","0","0","0","0","0","0","0","0","0","0","0","0","0","0","0","0","0","0","0",,"0","0","4","0","0","0","P3","Lower-impact or static-only optimization candidate"
"3094E515-1C28-44EA-A9CE-014A216278DF","Tax - Payment","1","Tax Payment","Project_Fact","PPH21_DJP","FACT_TAX_PAYMENT.dtsx","1","2.75","2.75","2.75","1","0","0","0","0","0","0","0","1","0","4","0","1","0","0","219","0","0","0","0",,"0","0","2","0","0","0","P2","Material optimization/investigation candidate"
"FE4F170C-FD8F-453C-9022-8CD51737FC1F","Docket Jangkos","1","Daily Docket","Project_Fact","Docket Jangkos Kompos","FACT_DOCKET.dtsx","1","2.72","2.72","2.72","1","0","0","0","0","0","0","0","2","0","0","4","0","0","0","1","0","0","0","0",,"0","0","2","0","0","0","P3","Lower-impact or static-only optimization candidate"
"C6A9E91D-9B24-4AD8-B2C3-7126C3C75F9B","DWH_Bearer_Plant","1","DWH_DIM_BEARER_PLANT","Project_Fact","Bearer_Plant","DWH_DIM_BEARER_PLANT.dtsx","1","2.61","2.61","2.61","1","0","0","0","0","0","0","0","0","0","0","0","0","0","0","0","0","0","9","0",,"0","0","1","0","0","0","P2","Material optimization/investigation candidate"
"1225ADC7-FF0D-402D-BAEA-A97F7FC50CB1","AWL","3","AWL Warning","Project_Fact","AWL","AWL_Warning.dtsx","41","2.6","25.23","106.54","41","0","0","0","0","0","0","0","1","0","0","1","0","0","0","0","0","0","10","0",,"0","0","1","0","0","0","P2","Material optimization/investigation candidate"
"F8DE7718-C3BB-4018-8CEF-4821ABFF2774","Daily Opr - GIP","2","Dimensi","Project_Fact","DWH_GIP","Dimensi.dtsx","1","2.45","2.45","2.45","1","0","0","0","0","0","0","0","1","0","0","0","0","0","0","0","0","0","0","0",,"0","0","4","0","0","0","P3","Lower-impact or static-only optimization candidate"
"28D1D9C7-04B8-4278-8A3C-D0915D89468A","COGS","4","dim_report_cogs","COGS","COGS","dim_report_cogs.dtsx","1","2.39","2.39","2.39","1","0","0","0","0","1","0","0","0","0","0","0","0","0","0","0","0","0","0","0",,"0","0","1","0","0","0","P3","Lower-impact or static-only optimization candidate"
"9558A386-42A0-4D60-935C-CE2295DFC697","Payment Treasury","7","Fact Balance Perform","Project_Fact","PAYMENT TREASURY","FACT_BALANCE_PAYMENT.dtsx","3","2.29","2.79","6.87","3","0","4","0","0","0","0","0","0","0","0","0","0","0","0","364","0","2","5","0",,"0","0","2","0","0","0","P2","Material optimization/investigation candidate"
"B37FB395-F8FE-410F-BD05-0159C3640595","Daily Opr - Produksi TBS","3","Staging Operational Holiday","Project_Fact","DAILY_DASHBOARD_PROJECT","STG_OPERATIONAL_HOLIDAY.dtsx","6","2.15","2.55","12.88","6","0","0","0","0","1","0","0","0","0","0","0","0","0","0","0","0","0","0","0",,"0","0","1","0","0","0","P3","Lower-impact or static-only optimization candidate"
"FDDD91BA-1B3C-4AAB-BB4B-AB1C84F78679","Pemakaian Solar","1","STG Proporsi","Project_Fact","PEMAKAIAN_SOLAR","AREAL_STATEMENT_PROPORSI_MANUAL_LOAD.dtsx","1","2.1","2.1","2.1","1","0","0","0","0","0","0","0","2","0","0","0","0","0","0","4","0","0","0","0",,"0","0","2","0","0","0","P3","Lower-impact or static-only optimization candidate"
"F8DE7718-C3BB-4018-8CEF-4821ABFF2774","Daily Opr - GIP","1","Staging","Project_Fact","DWH_GIP","Staging.dtsx","1","1.65","1.65","1.65","1","0","0","0","0","1","0","0","0","0","0","0","0","0","0","0","0","0","0","0",,"0","0","1","0","0","0","P3","Lower-impact or static-only optimization candidate"
